<?xml version="1.1" encoding="UTF-8" standalone="yes"?>
<addon id="plugin.video.InterstellarLiveTv"
       name="[COLORgold]Interstellar Live Tv[/COLOR]"
       version="1.0"
       provider-name="AsToReY">
  <requires>
    <import addon="xbmc.python" version="2.1.0"/>
	<import addon="script.module.requests" />
  </requires>
  <extension point="xbmc.python.pluginsource"
            library="default.py">
        <provides>video</provides>
  </extension>
  <extension point="xbmc.addon.metadata">
    <summary lang="en">[COLORlime]Interstellar Live TV Kodi Addon[/COLOR] </summary>
    <language>en</language>
    <description lang="en">[COLORgold]Interstellar Live TV Official Addon - Supplier of Great Quality and Stable Live Streams And On Demand Content[/COLOR]</description>
     <platform>all</platform>
  </extension>
</addon>