﻿<?xml version="1.0" encoding="UTF-8" standalone="yes"?>
<addon id="plugin.video.FailArmy" name="Fail Army" version="7.4.7" provider-name="bit.ly/[COLOR blue][B]AMO[/B][/COLOR][COLOR green]box[/COLOR]">
  <requires>
    <import addon="xbmc.python" version="2.1.0"/>
    <import addon="script.module.addon.common" version="2.0.0"/>
    <import addon="plugin.video.youtube" />
  </requires>
	
  <extension point="xbmc.python.pluginsource" library="default.py">
    <provides>video</provides>
  </extension>
	
  <extension point="xbmc.addon.metadata">
    <summary lang="en">Fail Army</summary>
    <description lang="en">Try not to smile. Watch all the fails from Fail Army youtube channel.</description>
    <platform>all</platform>
    <forum></forum>
	<website>http://bit.ly/AMObox</website>
  </extension>
</addon>
