<?xml version="1.0" encoding="UTF-8" standalone="yes"?>
<addon id="plugin.video.horrortime" name="Horror Time" version="1.0" provider-name="somethingelsepromotions">
  <requires>
    <import addon="xbmc.python" version="2.1.0"/>
    <import addon="script.module.addon.common" version="2.0.0"/>
    <import addon="plugin.video.youtube" version="5.1.19"/>
  </requires>
  <extension point="xbmc.python.pluginsource" library="default.py">
    <provides>video</provides>
  </extension>
  <extension point="xbmc.addon.metadata">
    <summary lang="en">Horror Time</summary>
    <description lang="en">Horror movies and TV shows, old and new.</description>
    <platform>all</platform>
  </extension>
</addon>
