<?xml version="1.1" encoding="UTF-8" standalone="yes"?>
<addon id="plugin.video.eternal"
       name="[B][COLOR blue]Eternal[/COLOR] [COLOR white]TV[/COLOR][/B]"
       version="1.0"
       provider-name="Turtle">
  <requires>
    <import addon="xbmc.python" version="2.1.0"/>
	<import addon="script.module.requests" />
  </requires>
  <extension point="xbmc.python.pluginsource"
            library="default.py">
        <provides>video</provides>
  </extension>
  <extension point="xbmc.addon.metadata">
    <summary lang="en">Eternal TV</summary>
    <language>en</language>
    <description lang="en">Eternal TV Official Addon - ETERNAL TV is a premium paid service that provides streams from many different countries and more we also provide a high quality selection of Video On Demand Movies</description>
     <platform>all</platform>
  </extension>
</addon>