<?xml version="1.0" encoding="UTF-8" standalone="yes"?>
<settings>
    <category label="30000">
        <setting type="text" label="30006" visible="true"/>
        <setting type="sep"/>
        <setting id="username" type="text" label="30001" default="" visible="true"/>
        <setting id="password" type="text" label="30002" default="" visible="true" option="hidden"/>
        <setting type="sep"/>
        <setting id="legacy" type="bool" label="Legacy TV Mode" default="true" visible="true"/>
        <setting type="sep"/>
        <setting id="timezone" type="select" label="30010" values="America/Los_Angeles|Europe/London|America/Chicago|America/New_York|UTC|Europe/Amsterdam|Asia/Hong_Kong" default="America/Los_Angeles"/>
        <setting type="sep"/>
        <setting id="output" type="bool" label="Output Format MPEGTS" default="true" visible="true"/>
    </category>
    <category label="Sports Menu Options">
        <setting id="now_playing" type="bool" label="Now Playing" default="true" visible="true"/>
        <setting id="all_events_scheduled" type="bool" label="All Events Scheduled" default="false" visible="true"/>
        <setting id="all_todays_events" type="bool" label="All Todays Events" default="true" visible="true"/>
        <setting id="by_date" type="bool" label="Events By Date" default="false" visible="true"/>
        <setting id="by_category" type="bool" label="Events By Category" default="true" visible="true"/>
        <setting id="by_date_and_category" type="bool" label="Events By Date then Category" default="false" visible="true"/>
        <setting id="by_category_and_date" type="bool" label="Events By Category then Date" default="false" visible="true"/>
    </category>
    <category label="Event Options">
        <setting id="ignore_expired" type="bool" label="Ignore Expired Events" default="false" visible="true"/>
        <setting id="filter_future_date" type="bool" label="Remove Future Dates From By Category" default="true" visible="true"/>
        <setting id="auto_resolve" type="bool" label="Match Feeds Automatically" default="true" visible="true"/>
    </category>
    <category label="View Options">
        <setting label="Menu View" type="text" id="menu_view" default="51"/>
        <setting label="Event View" type="text" id="event_view" default="51"/>
        <setting label="Channel View" type="text" id="channel_view" default="51"/>
    </category>
</settings>