﻿<?xml version="1.0" encoding="UTF-8" standalone="yes"?>
<addon id="plugin.video.vice" version="1.2.0" name="Vice" provider-name="Damon Toumbourou, lambda">
	<requires>
		<import addon="xbmc.python" version="2.24.0" />
		<import addon="script.module.lamlib" version="1.0.0" />
		<import addon="plugin.video.youtube" version="5.2.1" optional="true" />
	</requires>
	<extension point="xbmc.python.pluginsource" library="addon.py">
		<provides>video</provides>
	</extension>
	<extension point="xbmc.addon.metadata">
		<summary lang="en">Vice addon for Kodi</summary>
		<description lang="en">Vice changes the way people think about culture, crime, technology, art, sex, music, fashion, sports, and more.[CR]Available countries: Australia, Austria, Belgium, Brazil, Canada, Czech Republic, Colombia, Denmark, France, Germany, Greece, Italy, Mexico, Netherlands, Poland, Portugal, Romania, Russia, Serbia, Spain, Sweden, United Kingdom and United States</description>
		<disclaimer lang="en">This addon is not published nor endorsed by vice.com</disclaimer>
		<license>GNU GENERAL PUBLIC LICENSE. Version 3, 29 June 2007</license>
		<source>https://github.com/lambda81/plugin.video.vice</source>
		<website>http://www.vice.com/</website>
		<forum>http://forum.xbmc.org/showthread.php?tid=184904</forum>
		<news>- Fixed all sections (web site change)[CR]- Added VICE on HBO on main menu[CR]- Added new add-on screenshots</news>
		<assets>
			<icon>icon.png</icon>
			<fanart>fanart.jpg</fanart>
			<screenshot>resources/screenshots/screenshot-01.jpg</screenshot>
			<screenshot>resources/screenshots/screenshot-02.jpg</screenshot>
			<screenshot>resources/screenshots/screenshot-03.jpg</screenshot>
		</assets>
		<email>dtoumbourou@gmail.com</email>
		<platform>all</platform>
		<language></language>
	</extension>
</addon>