<?xml version='1.0' encoding='UTF-8' standalone='yes'?>
<addon id="plugin.video.tvone" name="tvOne" version="25+matrix.1" provider-name="RACC">
  <requires>
    <import addon="xbmc.python" version="3.0.0"/>
    <import addon="script.module.pycryptodome"/>
    <import addon="script.module.requests"/>
    <import addon="script.module.kodi-six"/>
    <import addon="script.module.future"/>
    <import addon="script.module.routing"/>
  </requires>
  <extension point="xbmc.python.pluginsource" library="addon.py">
    <provides>video</provides>
  </extension>
  <extension point="xbmc.addon.metadata">
    <reuselanguageinvoker>true</reuselanguageinvoker>
    <summary lang="en_gb">tvOne</summary>
    <description lang="en_gb">tvOne</description>
    <disclaimer lang="en_gb"/>
    <language/>
    <platform>all</platform>
    <license>GPL-3.0</license>
    <forum/>
    <website/>
    <email/>
    <source/>
    <assets>
            <icon>icon.png</icon>
            <fanart>fanart.jpg</fanart>
    </assets>
  </extension>
</addon>
