<?xml version="1.0" encoding="UTF-8"?>
<addon id="plugin.video.arconaitv"
version="1.0"
name="ArconaiTV"
provider-name="Alberto_Posadas">
<requires>
  <import addon="xbmc.python" version="2.24.0"/>
  <import addon="script.module.muckys.common" version="1.3.5"/>
</requires>
<extension point="xbmc.python.pluginsource" library="main.py">
  <provides>video</provides>
</extension>
<extension point="xbmc.addon.metadata">
  <summary lang="en">ArconaiTV Kodi Plugin</summary>
  <description>Play ArconaiTV Content in Kodi
  </description>
  <assets>
    <icon>icon.png</icon>    
  </assets>
</extension>
</addon>

