<?xml version="1.0" encoding="UTF-8" standalone="yes"?>
<addon id="plugin.video.primestreams" name="Prime Streams" version="1.1" provider-name="primestreams">
  <requires>
    <import addon="xbmc.python" version="2.1.0"/>
	<import addon="script.module.addon.common" />
  </requires>
  <extension point="xbmc.python.pluginsource" library="init.py">
        <provides>video executable</provides>
  </extension>
  <extension point="xbmc.addon.metadata">
    <summary lang="en">Prime Streams</summary>
    <website></website>
    <description lang="en">Prime Streams Addon for Xteam-Codes IPTV panel</description>
    <forum></forum>
    <email></email>
    <disclaimer lang="en"></disclaimer>
    <platform>all</platform>
  </extension>
</addon>
