<?xml version="1.1" encoding="UTF-8" standalone="yes"?>
<addon id="repository.VBHosting" name="VB Hosting Repository" version="1.0" provider-name="VBHosting">
	<extension point="xbmc.addon.repository" name="VBHosting">
		<info compressed="false">https://raw.githubusercontent.com/sClarkeIsBack/VBHosting/master/Repo_Files/addons.xml</info>
		<checksum>https://raw.githubusercontent.com/sClarkeIsBack/VBHosting/master/Repo_Files/addons.xml.md5</checksum>
		<datadir zip="true">https://raw.githubusercontent.com/sClarkeIsBack/VBHosting/master/Repo_Files/Zips/</datadir>
	</extension>
	<extension point="xbmc.addon.metadata">
		<summary>VB Hosting</summary>
		<description>VB Hosting Repository - Home of The Offical VB Hosting Addon</description>
		<platform>all</platform>
	</extension>
</addon>

