<?xml version="1.0" encoding="UTF-8" standalone="yes"?>
<addon id="plugin.video.mancave" name="Mancave-IPTV" version="5.0" provider-name="Unknown">
  <requires>
    <import addon="xbmc.python" version="2.1.0"/>
	<import addon="script.module.addon.common" />
  </requires>
  <extension point="xbmc.python.pluginsource" library="init.py">
        <provides>video executable</provides>
  </extension>
  <extension point="xbmc.addon.metadata">
    <summary lang="en"></summary>
    <website></website>
    <description lang="en"></description>
    <forum></forum>
    <email></email>
    <disclaimer lang="en"></disclaimer>
    <platform>all</platform>
  </extension>
</addon>
