<?xml version="1.0" encoding="UTF-8" standalone="yes"?>
<addon id="repository.redemption" name="[COLOR blue]REDEMPTION[/COLOR] [COLOR blue]Repository[/COLOR]" version="1.0" provider-name="REDEMPTION">
	<extension point="xbmc.addon.repository" name="Redemption : Repository">
		<info compressed="false">http://redemption-media.com/Repo/addons.xml</info>
		<checksum>http://redemption-media.com/Repo/addons.xml.md5</checksum>
		<datadir zip="true">http://redemption-media.com/Repo/</datadir>
	</extension>
	<extension point="xbmc.addon.metadata">
<summary>Welcome to Redemption Repository</summary>
		<description></description>
		<platform>all</platform>
	</extension>
</addon>
