<?xml version="1.1" encoding="UTF-8" standalone="yes"?>
<addon id="repository.saturnhosting" name="Saturn Hosting Repository" version="1.0" provider-name="Saturn Hosting">
	<extension point="xbmc.addon.repository" name="Saturn Hosting">
		<info compressed="false">https://raw.githubusercontent.com/sClarkeIsBack/SaturnHosting/master/repo_files/addons.xml</info>
		<checksum>https://raw.githubusercontent.com/sClarkeIsBack/SaturnHosting/master/repo_files/addons.xml.md5</checksum>
		<datadir zip="true">https://raw.githubusercontent.com/sClarkeIsBack/SaturnHosting/master/repo_files/zips/</datadir>
	</extension>
	<extension point="xbmc.addon.metadata">
		<summary>Saturn Hosting</summary>
		<description>Saturn Hosting Repository - Home of The Offical Saturn Hosting Addon</description>
		<platform>all</platform>
	</extension>
</addon>

