<?xml version="1.0" encoding="UTF-8" standalone="yes"?>
<addon id="plugin.video.singularity" name="Singularity" version="1.4.2" provider-name="Singularity">
  <requires>
    <import addon="xbmc.python" version="2.1.0"/>
    <import addon="script.module.dateutil"/>
    <import addon="script.module.pytz"/>
    <import addon="script.module.xmltodict"/>
  </requires>
	<extension point="xbmc.python.pluginsource" library="default.py">
		<provides>video</provides>
	</extension>
	<extension point="xbmc.addon.metadata">
		<summary lang="en">Singularity</summary>
		<description lang="en">Singularity</description>
		<platform>android</platform>
	</extension>
</addon>
